UserRole;Status;validEmplyeeName;NewUsername1;Jddpassword
Admin;Enabled;A8DCo 4Ys 010Z;abdoutestt21;abdel1234
ESS;Enabled;A8DCo 4Ys 010Z;Mayonaise12;abdel1235
Admin;Enabled;A8DCo 4Ys 010Z;abdoutestt22;abdel1236
ESS;Enabled;A8DCo 4Ys 010Z;Mayonaise23;abdel1237
Admin;Enabled;A8DCo 4Ys 010Z;abdoutestt42;abdel1238
ESS;Enabled;A8DCo 4Ys 010Z;Mayonaise55;abdel1239
Admin;Enabled;A8DCo 4Ys 010Z;abdoutestt222;abdel1231
ESS;Enabled;A8DCo 4Ys 010Z;Mayonaise0;abdel1232
Admin;Enabled;A8DCo 4Ys 010Z;abdoutestt012;abdel1238
ESS;Enabled;A8DCo 4Ys 010Z;Mayonaise10;abdel12377
